time,tokens,prefix_tokens,rate,elapsed_s,queue,pending
2026-09-11 21:47:44,2048.0,2048.0,202.89,4.224564552307129,0.0,995049.0
2026-09-11 21:47:44,2048.0,4096.0,5076.03,4.224564552307129,0.0,993001.0
2026-09-11 21:47:44,2048.0,6144.0,4809.72,4.224564552307129,0.0,990953.0
2026-09-11 21:47:45,2048.0,8192.0,4774.77,5.224564552307129,0.0,988905.0
2026-09-11 21:47:45,2048.0,10240.0,4546.66,5.224564552307129,1.0,986857.0
2026-09-11 21:47:46,2048.0,12288.0,4765.31,6.224564552307129,1.0,1981906.0
2026-09-11 21:47:46,2048.0,14336.0,4793.9,6.224564552307129,1.0,1979858.0
2026-09-11 21:47:47,2048.0,16384.0,4749.12,7.224564552307129,1.0,1977810.0
2026-09-11 21:47:47,2048.0,18432.0,4377.47,7.224564552307129,2.0,1975762.0
2026-09-11 21:47:48,2048.0,20480.0,4682.16,8.224564552307129,2.0,2970811.0
2026-09-11 21:47:48,2048.0,22528.0,4658.11,8.224564552307129,2.0,2968763.0
2026-09-11 21:47:48,2048.0,24576.0,4860.19,8.224564552307129,2.0,2966715.0
2026-09-11 21:47:49,2048.0,26624.0,4515.36,9.224564552307129,2.0,2964667.0
2026-09-11 21:47:49,2048.0,28672.0,4485.85,9.224564552307129,3.0,2962619.0
2026-09-11 21:47:50,2048.0,30720.0,4705.19,10.224564552307129,3.0,3957668.0
2026-09-11 21:47:50,2048.0,32768.0,4544.79,10.224564552307129,3.0,3955620.0
2026-09-11 21:47:51,2048.0,34816.0,4330.04,11.224564552307129,3.0,3953572.0
2026-09-11 21:47:51,2048.0,36864.0,4214.78,11.224564552307129,4.0,3951524.0
2026-09-11 21:47:52,2048.0,38912.0,4625.89,12.224564552307129,4.0,4946573.0
2026-09-11 21:47:52,2048.0,40960.0,4391.81,12.224564552307129,4.0,4944525.0
2026-09-11 21:47:53,2048.0,43008.0,4490.75,13.224564552307129,4.0,4942477.0
2026-09-11 21:47:53,2048.0,45056.0,4359.05,13.224564552307129,4.0,4940429.0
2026-09-11 21:47:53,2048.0,47104.0,4280.23,13.224564552307129,5.0,4938381.0
2026-09-11 21:47:54,2048.0,49152.0,4576.77,14.224564552307129,5.0,5933430.0
2026-09-11 21:47:54,2048.0,51200.0,4191.52,14.224564552307129,5.0,5931382.0
2026-09-11 21:47:55,2048.0,53248.0,4122.19,15.224564552307129,5.0,5929334.0
2026-09-11 21:47:55,2048.0,55296.0,4171.77,15.224564552307129,6.0,5927286.0
2026-09-11 21:47:56,2048.0,57344.0,4515.45,16.22456455230713,6.0,6922335.0
2026-09-11 21:47:56,2048.0,59392.0,4452.94,16.22456455230713,6.0,6920287.0
2026-09-11 21:47:57,2048.0,61440.0,4323.0,17.22456455230713,6.0,6918239.0
2026-09-11 21:47:57,2048.0,63488.0,4196.44,17.22456455230713,7.0,6916191.0
2026-09-11 21:47:58,2048.0,65536.0,4331.34,18.22456455230713,7.0,7911240.0
2026-09-11 21:47:58,2048.0,67584.0,4315.94,18.22456455230713,7.0,7909192.0
2026-09-11 21:47:59,2048.0,69632.0,4339.38,19.22456455230713,7.0,7907144.0
2026-09-11 21:47:59,2048.0,71680.0,4291.77,19.22456455230713,7.0,7905096.0
2026-09-11 21:48:00,2048.0,73728.0,4301.45,20.22456455230713,7.0,7903048.0
2026-09-11 21:48:00,2048.0,75776.0,4276.97,20.22456455230713,7.0,7901000.0
2026-09-11 21:48:01,2048.0,77824.0,4280.16,21.22456455230713,7.0,7898952.0
2026-09-11 21:48:01,2048.0,79872.0,4136.93,21.22456455230713,7.0,7896904.0
2026-09-11 21:48:02,2048.0,81920.0,4227.89,22.22456455230713,7.0,7894856.0
2026-09-11 21:48:02,2048.0,83968.0,2678.02,22.22456455230713,7.0,7892808.0
2026-09-11 21:48:03,2048.0,86016.0,3219.65,23.22456455230713,7.0,7890760.0
2026-09-11 21:48:04,2048.0,88064.0,3711.14,24.22456455230713,7.0,7888712.0
2026-09-11 21:48:04,2048.0,90112.0,2521.97,24.22456455230713,7.0,7886664.0
2026-09-11 21:48:05,2048.0,92160.0,2547.97,25.22456455230713,7.0,7884616.0
2026-09-11 21:48:06,2048.0,94208.0,3628.49,26.22456455230713,7.0,7882568.0
2026-09-11 21:48:06,2048.0,96256.0,3864.72,26.22456455230713,7.0,7880520.0
2026-09-11 21:48:07,2048.0,98304.0,4050.91,27.22456455230713,7.0,7878472.0
2026-09-11 21:48:07,2048.0,100352.0,3575.56,27.22456455230713,7.0,7876424.0
2026-09-11 21:48:08,2048.0,102400.0,3880.24,28.22456455230713,7.0,7874376.0
2026-09-11 21:48:08,2048.0,104448.0,3736.02,28.22456455230713,7.0,7872328.0
2026-09-11 21:48:09,2048.0,106496.0,1980.71,29.22456455230713,7.0,7870280.0
2026-09-11 21:48:10,2048.0,108544.0,3680.92,30.22456455230713,7.0,7868232.0
2026-09-11 21:48:11,2048.0,110592.0,3798.59,31.22456455230713,7.0,7866184.0
2026-09-11 21:48:11,2048.0,112640.0,3372.62,31.22456455230713,7.0,7864136.0
2026-09-11 21:48:12,2048.0,114688.0,3509.1,32.22456455230713,7.0,7862088.0
2026-09-11 21:48:12,2048.0,116736.0,3117.18,32.22456455230713,7.0,7860040.0
2026-09-11 21:48:13,2048.0,118784.0,3421.56,33.22456455230713,7.0,7857992.0
2026-09-11 21:48:14,2048.0,120832.0,3276.74,34.22456455230713,7.0,7855944.0
2026-09-11 21:48:14,2048.0,122880.0,3399.15,34.22456455230713,7.0,7853896.0
2026-09-11 21:48:15,2048.0,124928.0,3287.55,35.22456455230713,7.0,7851848.0
2026-09-11 21:48:15,2048.0,126976.0,3516.55,35.22456455230713,7.0,7849800.0
2026-09-11 21:48:16,2048.0,129024.0,2630.2,36.22456455230713,7.0,7847752.0
2026-09-11 21:48:17,2048.0,131072.0,3492.2,37.22456455230713,7.0,7845704.0
2026-09-11 21:48:17,2048.0,133120.0,3558.18,37.22456455230713,7.0,7843656.0
2026-09-11 21:48:18,2048.0,135168.0,3247.09,38.22456455230713,7.0,7841608.0
2026-09-11 21:48:19,2048.0,137216.0,1925.84,39.22456455230713,7.0,7839560.0
2026-09-11 21:48:20,2048.0,139264.0,2000.8,40.22456455230713,7.0,7837512.0
2026-09-11 21:48:21,2048.0,141312.0,2285.28,41.22456455230713,7.0,7835464.0
2026-09-11 21:48:22,2048.0,143360.0,2539.85,42.22456455230713,7.0,7833416.0
2026-09-11 21:48:22,2048.0,145408.0,2767.38,42.22456455230713,7.0,7831368.0
2026-09-11 21:48:23,2048.0,147456.0,2557.66,43.22456455230713,7.0,7829320.0
2026-09-11 21:48:24,2048.0,149504.0,2246.63,44.22456455230713,7.0,7827272.0
2026-09-11 21:48:25,2048.0,151552.0,2117.76,45.22456455230713,7.0,7825224.0
2026-09-11 21:48:26,2048.0,153600.0,2204.56,46.22456455230713,7.0,7823176.0
2026-09-11 21:48:27,2048.0,155648.0,2310.9,47.22456455230713,7.0,7821128.0
2026-09-11 21:48:28,2048.0,157696.0,2237.85,48.22456455230713,7.0,7819080.0
2026-09-11 21:48:29,2048.0,159744.0,2295.11,49.22456455230713,7.0,7817032.0
2026-09-11 21:48:30,2048.0,161792.0,2874.31,50.22456455230713,7.0,7814984.0
2026-09-11 21:48:30,2048.0,163840.0,2183.3,50.22456455230713,7.0,7812936.0
2026-09-11 21:48:31,2048.0,165888.0,2213.45,51.22456455230713,7.0,7810888.0
2026-09-11 21:48:32,2048.0,167936.0,2108.02,52.22456455230713,7.0,7808840.0
2026-09-11 21:48:33,2048.0,169984.0,2717.11,53.22456455230713,7.0,7806792.0
2026-09-11 21:48:34,2048.0,172032.0,2670.73,54.22456455230713,7.0,7804744.0
2026-09-11 21:48:35,2048.0,174080.0,2805.48,55.22456455230713,7.0,7802696.0
2026-09-11 21:48:36,2048.0,176128.0,2004.22,56.22456455230713,7.0,7800648.0
2026-09-11 21:48:37,2048.0,178176.0,2086.49,57.22456455230713,7.0,7798600.0
2026-09-11 21:48:38,2048.0,180224.0,2090.87,58.22456455230713,7.0,7796552.0
2026-09-11 21:48:39,2048.0,182272.0,2051.53,59.22456455230713,7.0,7794504.0
2026-09-11 21:48:39,2048.0,184320.0,2907.61,59.22456455230713,7.0,7792456.0
2026-09-11 21:48:40,2048.0,186368.0,3134.04,60.22456455230713,7.0,7790408.0
2026-09-11 21:48:41,2048.0,188416.0,1985.58,61.22456455230713,7.0,7788360.0
2026-09-11 21:48:42,2048.0,190464.0,2564.87,62.22456455230713,7.0,7786312.0
2026-09-11 21:48:43,2048.0,192512.0,2567.52,63.22456455230713,7.0,7784264.0
2026-09-11 21:48:43,2048.0,194560.0,2814.82,63.22456455230713,7.0,7782216.0
2026-09-11 21:48:44,2048.0,196608.0,1980.27,64.22456455230713,7.0,7780168.0
2026-09-11 21:48:45,2048.0,198656.0,2013.29,65.22456455230713,7.0,7778120.0
2026-09-11 21:48:46,2048.0,200704.0,2287.62,66.22456455230713,7.0,7776072.0
2026-09-11 21:48:47,2048.0,202752.0,1773.62,67.22456455230713,7.0,7774024.0
2026-09-11 21:48:48,2048.0,204800.0,2586.44,68.22456455230713,7.0,7771976.0
2026-09-11 21:48:50,2048.0,206848.0,1505.75,70.22456455230713,7.0,7769928.0
2026-09-11 21:48:50,2048.0,208896.0,2677.08,70.22456455230713,7.0,7767880.0
2026-09-11 21:48:51,2048.0,210944.0,1979.23,71.22456455230713,7.0,7765832.0
2026-09-11 21:48:52,2048.0,212992.0,2581.44,72.22456455230713,7.0,7763784.0
2026-09-11 21:48:53,2048.0,215040.0,1908.39,73.22456455230713,7.0,7761736.0
2026-09-11 21:48:54,2048.0,217088.0,2608.94,74.22456455230713,7.0,7759688.0
2026-09-11 21:48:55,2048.0,219136.0,1922.34,75.22456455230713,7.0,7757640.0
2026-09-11 21:48:56,2048.0,221184.0,2562.88,76.22456455230713,7.0,7755592.0
2026-09-11 21:48:57,2048.0,223232.0,1876.64,77.22456455230713,7.0,7753544.0
2026-09-11 21:48:58,2048.0,225280.0,2538.06,78.22456455230713,7.0,7751496.0
2026-09-11 21:48:59,2048.0,227328.0,1884.24,79.22456455230713,7.0,7749448.0
2026-09-11 21:49:00,2048.0,229376.0,2517.54,80.22456455230713,7.0,7747400.0
2026-09-11 21:49:01,2048.0,231424.0,1759.94,81.22456455230713,7.0,7745352.0
2026-09-11 21:49:02,2048.0,233472.0,2293.72,82.22456455230713,7.0,7743304.0
2026-09-11 21:49:03,2048.0,235520.0,2272.75,83.22456455230713,7.0,7741256.0
2026-09-11 21:49:04,2048.0,237568.0,1820.98,84.22456455230713,7.0,7739208.0
2026-09-11 21:49:05,2048.0,239616.0,2467.73,85.22456455230713,7.0,7737160.0
2026-09-11 21:49:05,2048.0,241664.0,2317.26,85.22456455230713,7.0,7735112.0
2026-09-11 21:49:07,2048.0,243712.0,1651.05,87.22456455230713,7.0,7733064.0
2026-09-11 21:49:08,2048.0,245760.0,2166.07,88.22456455230713,7.0,7731016.0
2026-09-11 21:49:09,2048.0,247808.0,2198.75,89.22456455230713,7.0,7728968.0
2026-09-11 21:49:10,2048.0,249856.0,1661.34,90.22456455230713,7.0,7726920.0
2026-09-11 21:49:11,2048.0,251904.0,2098.8,91.22456455230713,7.0,7724872.0
2026-09-11 21:49:12,2048.0,253952.0,2209.66,92.22456455230713,7.0,7722824.0
2026-09-11 21:49:13,2048.0,256000.0,1736.57,93.22456455230713,7.0,7720776.0
2026-09-11 21:49:14,2048.0,258048.0,2248.34,94.22456455230713,7.0,7718728.0
2026-09-11 21:49:15,2048.0,260096.0,2567.9,95.22456455230713,7.0,7716680.0
2026-09-11 21:49:15,2048.0,262144.0,2576.73,95.22456455230713,7.0,7714632.0
2026-09-11 21:49:16,2048.0,264192.0,2574.78,96.22456455230713,7.0,7712584.0
2026-09-11 21:49:17,2048.0,266240.0,2573.15,97.22456455230713,7.0,7710536.0
2026-09-11 21:49:18,2048.0,268288.0,2551.6,98.22456455230713,7.0,7708488.0
2026-09-11 21:49:19,2048.0,270336.0,2538.81,99.22456455230713,7.0,7706440.0
2026-09-11 21:49:19,2048.0,272384.0,2531.42,99.22456455230713,7.0,7704392.0
2026-09-11 21:49:20,2048.0,274432.0,2521.62,100.22456455230713,7.0,7702344.0
2026-09-11 21:49:21,2048.0,276480.0,2506.84,101.22456455230713,7.0,7700296.0
2026-09-11 21:49:22,2048.0,278528.0,2486.51,102.22456455230713,7.0,7698248.0
2026-09-11 21:49:23,2048.0,280576.0,2471.44,103.22456455230713,7.0,7696200.0
2026-09-11 21:49:24,2048.0,282624.0,2341.69,104.22456455230713,7.0,7694152.0
2026-09-11 21:49:25,2048.0,284672.0,1763.29,105.22456455230713,7.0,7692104.0
2026-09-11 21:49:26,2048.0,286720.0,2414.68,106.22456455230713,7.0,7690056.0
2026-09-11 21:49:27,2048.0,288768.0,1812.99,107.22456455230713,7.0,7688008.0
2026-09-11 21:49:28,2048.0,290816.0,2382.75,108.22456455230713,7.0,7685960.0
2026-09-11 21:49:29,2048.0,292864.0,1806.32,109.22456455230713,7.0,7683912.0
2026-09-11 21:49:30,2048.0,294912.0,2302.16,110.22456455230713,7.0,7681864.0
2026-09-11 21:49:31,2048.0,296960.0,1615.93,111.22456455230713,7.0,7679816.0
2026-09-11 21:49:32,2048.0,299008.0,2100.61,112.22456455230713,7.0,7677768.0
2026-09-11 21:49:33,2048.0,301056.0,2248.26,113.22456455230713,7.0,7675720.0
2026-09-11 21:49:34,2048.0,303104.0,1617.69,114.22456455230713,7.0,7673672.0
2026-09-11 21:49:35,2048.0,305152.0,2254.21,115.22456455230713,7.0,7671624.0
2026-09-11 21:49:36,2048.0,307200.0,1604.64,116.22456455230713,7.0,7669576.0
2026-09-11 21:49:37,2048.0,309248.0,1887.55,117.22456455230713,7.0,7667528.0
2026-09-11 21:49:38,2048.0,311296.0,1925.33,118.22456455230713,7.0,7665480.0
2026-09-11 21:49:39,2048.0,313344.0,2110.82,119.22456455230713,7.0,7663432.0
2026-09-11 21:49:41,2048.0,315392.0,1655.29,121.22456455230713,7.0,7661384.0
2026-09-11 21:49:41,2048.0,317440.0,2243.22,121.22456455230713,7.0,7659336.0
2026-09-11 21:49:43,2048.0,319488.0,1605.32,123.22456455230713,7.0,7657288.0
2026-09-11 21:49:44,2048.0,321536.0,1379.6,124.22456455230713,7.0,7655240.0
2026-09-11 21:49:46,2048.0,323584.0,1541.86,126.22456455230713,7.0,7653192.0
2026-09-11 21:49:47,2048.0,325632.0,1743.41,127.22456455230713,7.0,7651144.0
2026-09-11 21:49:48,2048.0,327680.0,1765.76,128.22456455230713,7.0,7649096.0
2026-09-11 21:49:49,2048.0,329728.0,1732.49,129.22456455230713,7.0,7647048.0
2026-09-11 21:49:51,2048.0,331776.0,1390.78,131.22456455230713,7.0,7645000.0
2026-09-11 21:49:52,2048.0,333824.0,1455.43,132.22456455230713,7.0,7642952.0
2026-09-11 21:49:53,2048.0,335872.0,1448.91,133.22456455230713,7.0,7640904.0
2026-09-11 21:49:55,2048.0,337920.0,1487.31,135.22456455230713,7.0,7638856.0
2026-09-11 21:49:56,2048.0,339968.0,1441.16,136.22456455230713,7.0,7636808.0
2026-09-11 21:49:58,2048.0,342016.0,1372.62,138.22456455230713,7.0,7634760.0
2026-09-11 21:49:59,2048.0,344064.0,1718.36,139.22456455230713,7.0,7632712.0
2026-09-11 21:50:00,2048.0,346112.0,1708.28,140.22456455230713,7.0,7630664.0
2026-09-11 21:50:01,2048.0,348160.0,1698.31,141.22456455230713,7.0,7628616.0
2026-09-11 21:50:03,2048.0,350208.0,1608.55,143.22456455230713,7.0,7626568.0
2026-09-11 21:50:04,2048.0,352256.0,1392.26,144.22456455230713,7.0,7624520.0
2026-09-11 21:50:05,2048.0,354304.0,1420.47,145.22456455230713,7.0,7622472.0
2026-09-11 21:50:07,2048.0,356352.0,1389.98,147.22456455230713,7.0,7620424.0
2026-09-11 21:50:08,2048.0,358400.0,1427.09,148.22456455230713,7.0,7618376.0
2026-09-11 21:50:10,2048.0,360448.0,1383.18,150.22456455230713,7.0,7616328.0
2026-09-11 21:50:11,2048.0,362496.0,1559.41,151.22456455230713,7.0,7614280.0
2026-09-11 21:50:12,2048.0,364544.0,1608.18,152.22456455230713,7.0,7612232.0
2026-09-11 21:50:14,2048.0,366592.0,1504.25,154.22456455230713,7.0,7610184.0
2026-09-11 21:50:15,2048.0,368640.0,1630.67,155.22456455230713,7.0,7608136.0
2026-09-11 21:50:16,2048.0,370688.0,1623.47,156.22456455230713,7.0,7606088.0
2026-09-11 21:50:18,2048.0,372736.0,1266.84,158.22456455230713,7.0,7604040.0
2026-09-11 21:50:19,2048.0,374784.0,1345.36,159.22456455230713,7.0,7601992.0
2026-09-11 21:50:21,2048.0,376832.0,1575.61,161.22456455230713,7.0,7599944.0
2026-09-11 21:50:22,2048.0,378880.0,1477.41,162.22456455230713,7.0,7597896.0
2026-09-11 21:50:24,2048.0,380928.0,1345.84,164.22456455230713,7.0,7595848.0
2026-09-11 21:50:25,2048.0,382976.0,1389.82,165.22456455230713,7.0,7593800.0
2026-09-11 21:50:27,2048.0,385024.0,1372.97,167.22456455230713,7.0,7591752.0
2026-09-11 21:50:28,2048.0,387072.0,1338.56,168.22456455230713,7.0,7589704.0
2026-09-11 21:50:30,2048.0,389120.0,1379.9,170.22456455230713,7.0,7587656.0
2026-09-11 21:50:31,2048.0,391168.0,1591.99,171.22456455230713,7.0,7585608.0
2026-09-11 21:50:32,2048.0,393216.0,1555.86,172.22456455230713,7.0,7583560.0
2026-09-11 21:50:33,2048.0,395264.0,1936.88,173.22456455230713,7.0,7581512.0
2026-09-11 21:50:35,2048.0,397312.0,1325.14,175.22456455230713,7.0,7579464.0
2026-09-11 21:50:36,2048.0,399360.0,1440.99,176.22456455230713,7.0,7577416.0
2026-09-11 21:50:38,2048.0,401408.0,1155.94,178.22456455230713,7.0,7575368.0
2026-09-11 21:50:39,2048.0,403456.0,1503.08,179.22456455230713,7.0,7573320.0
2026-09-11 21:50:40,2048.0,405504.0,1976.42,180.22456455230713,7.0,7571272.0
2026-09-11 21:50:41,2048.0,407552.0,1911.89,181.22456455230713,7.0,7569224.0
2026-09-11 21:50:43,2048.0,409600.0,1812.35,183.22456455230713,7.0,7567176.0
2026-09-11 21:50:44,2048.0,411648.0,1982.14,184.22456455230713,7.0,7565128.0
2026-09-11 21:50:45,2048.0,413696.0,1862.27,185.22456455230713,7.0,7563080.0
2026-09-11 21:50:46,2048.0,415744.0,1820.16,186.22456455230713,7.0,7561032.0
2026-09-11 21:50:47,2048.0,417792.0,1977.53,187.22456455230713,7.0,7558984.0
2026-09-11 21:50:48,2048.0,419840.0,1680.21,188.22456455230713,7.0,7556936.0
2026-09-11 21:50:49,2048.0,421888.0,1761.96,189.22456455230713,7.0,7554888.0
2026-09-11 21:50:50,2048.0,423936.0,1767.56,190.22456455230713,7.0,7552840.0
2026-09-11 21:50:52,2048.0,425984.0,1756.9,192.22456455230713,7.0,7550792.0
2026-09-11 21:50:53,2048.0,428032.0,1742.51,193.22456455230713,7.0,7548744.0
2026-09-11 21:50:54,2048.0,430080.0,1711.6,194.22456455230713,7.0,7546696.0
2026-09-11 21:50:55,2048.0,432128.0,1669.67,195.22456455230713,7.0,7544648.0
2026-09-11 21:50:56,2048.0,434176.0,1675.21,196.22456455230713,7.0,7542600.0
2026-09-11 21:50:58,2048.0,436224.0,1656.89,198.22456455230713,7.0,7540552.0
2026-09-11 21:50:59,2048.0,438272.0,1562.33,199.22456455230713,7.0,7538504.0
2026-09-11 21:51:00,2048.0,440320.0,1405.92,200.22456455230713,7.0,7536456.0
2026-09-11 21:51:02,2048.0,442368.0,1421.06,202.22456455230713,7.0,7534408.0
2026-09-11 21:51:03,2048.0,444416.0,1413.11,203.22456455230713,7.0,7532360.0
2026-09-11 21:51:05,2048.0,446464.0,1404.3,205.22456455230713,7.0,7530312.0
2026-09-11 21:51:06,2048.0,448512.0,1786.63,206.22456455230713,7.0,7528264.0
2026-09-11 21:51:07,2048.0,450560.0,1437.64,207.22456455230713,7.0,7526216.0
2026-09-11 21:51:08,2048.0,452608.0,1766.83,208.22456455230713,7.0,7524168.0
2026-09-11 21:51:10,2048.0,454656.0,1277.6,210.22456455230713,7.0,7522120.0
2026-09-11 21:51:12,2048.0,456704.0,1388.75,212.22456455230713,7.0,7520072.0
2026-09-11 21:51:13,2048.0,458752.0,1781.0,213.22456455230713,7.0,7518024.0
2026-09-11 21:51:14,2048.0,460800.0,1419.33,214.22456455230713,7.0,7515976.0
2026-09-11 21:51:15,2048.0,462848.0,1772.46,215.22456455230713,7.0,7513928.0
2026-09-11 21:51:17,2048.0,464896.0,1435.78,217.22456455230713,7.0,7511880.0
2026-09-11 21:51:18,2048.0,466944.0,1767.14,218.22456455230713,7.0,7509832.0
2026-09-11 21:51:20,2048.0,468992.0,1277.38,220.22456455230713,7.0,7507784.0
2026-09-11 21:51:21,2048.0,471040.0,1742.37,221.22456455230713,7.0,7505736.0
2026-09-11 21:51:22,2048.0,473088.0,1213.83,222.22456455230713,7.0,7503688.0
2026-09-11 21:51:24,2048.0,475136.0,1723.69,224.22456455230713,7.0,7501640.0
2026-09-11 21:51:25,2048.0,477184.0,1399.97,225.22456455230713,7.0,7499592.0
2026-09-11 21:51:26,2048.0,479232.0,1727.09,226.22456455230713,7.0,7497544.0
2026-09-11 21:51:28,2048.0,481280.0,1253.85,228.22456455230713,7.0,7495496.0
2026-09-11 21:51:29,2048.0,483328.0,1720.62,229.22456455230713,7.0,7493448.0
2026-09-11 21:51:31,2048.0,485376.0,1328.33,231.22456455230713,7.0,7491400.0
2026-09-11 21:51:32,2048.0,487424.0,1349.2,232.22456455230713,7.0,7489352.0
2026-09-11 21:51:33,2048.0,489472.0,1688.5,233.22456455230713,7.0,7487304.0
2026-09-11 21:51:35,2048.0,491520.0,1278.4,235.22456455230713,7.0,7485256.0
2026-09-11 21:51:36,2048.0,493568.0,1681.07,236.22456455230713,7.0,7483208.0
2026-09-11 21:51:38,2048.0,495616.0,1191.9,238.22456455230713,7.0,7481160.0
2026-09-11 21:51:39,2048.0,497664.0,1312.88,239.22456455230713,7.0,7479112.0
2026-09-11 21:51:41,2048.0,499712.0,1523.01,241.22456455230713,7.0,7477064.0
2026-09-11 21:51:42,2048.0,501760.0,1216.11,242.22456455230713,7.0,7475016.0
2026-09-11 21:51:44,2048.0,503808.0,1658.23,244.22456455230713,7.0,7472968.0
2026-09-11 21:51:45,2048.0,505856.0,1289.63,245.22456455230713,7.0,7470920.0
2026-09-11 21:51:47,2048.0,507904.0,1257.7,247.22456455230713,7.0,7468872.0
2026-09-11 21:51:48,2048.0,509952.0,1643.65,248.22456455230713,7.0,7466824.0
2026-09-11 21:51:50,2048.0,512000.0,1318.0,250.22456455230713,7.0,7464776.0
2026-09-11 21:51:52,2048.0,514048.0,1091.42,252.22456455230713,7.0,7462728.0
2026-09-11 21:51:53,2048.0,516096.0,1181.23,253.22456455230713,7.0,7460680.0
2026-09-11 21:51:55,2048.0,518144.0,1131.43,255.22456455230713,7.0,7458632.0
2026-09-11 21:51:56,2048.0,520192.0,1617.68,256.22456455230713,7.0,7456584.0
2026-09-11 21:51:58,2048.0,522240.0,1181.43,258.22456455230713,7.0,7454536.0
2026-09-11 21:51:59,2048.0,524288.0,1537.97,259.22456455230713,7.0,7452488.0
2026-09-11 21:52:01,2048.0,526336.0,1151.78,261.22456455230713,7.0,7450440.0
2026-09-11 21:52:03,2048.0,528384.0,1592.66,263.22456455230713,7.0,7448392.0
2026-09-11 21:52:04,2048.0,530432.0,1138.16,264.22456455230713,7.0,7446344.0
2026-09-11 21:52:06,2048.0,532480.0,1594.58,266.22456455230713,7.0,7444296.0
2026-09-11 21:52:07,2048.0,534528.0,1170.17,267.22456455230713,7.0,7442248.0
2026-09-11 21:52:09,2048.0,536576.0,1584.16,269.22456455230713,7.0,7440200.0
2026-09-11 21:52:10,2048.0,538624.0,1180.81,270.22456455230713,7.0,7438152.0
2026-09-11 21:52:12,2048.0,540672.0,1577.66,272.22456455230713,7.0,7436104.0
2026-09-11 21:52:13,2048.0,542720.0,1240.84,273.22456455230713,7.0,7434056.0
2026-09-11 21:52:15,2048.0,544768.0,1580.87,275.22456455230713,7.0,7432008.0
2026-09-11 21:52:16,2048.0,546816.0,1114.03,276.22456455230713,7.0,7429960.0
2026-09-11 21:52:18,2048.0,548864.0,1565.17,278.22456455230713,7.0,7427912.0
2026-09-11 21:52:20,2048.0,550912.0,1122.36,280.22456455230713,7.0,7425864.0
2026-09-11 21:52:21,2048.0,552960.0,1556.67,281.22456455230713,7.0,7423816.0
2026-09-11 21:52:23,2048.0,555008.0,1243.25,283.22456455230713,7.0,7421768.0
2026-09-11 21:52:24,2048.0,557056.0,1152.99,284.22456455230713,7.0,7419720.0
2026-09-11 21:52:26,2048.0,559104.0,1290.6,286.22456455230713,7.0,7417672.0
2026-09-11 21:52:28,2048.0,561152.0,1254.84,288.22456455230713,7.0,7415624.0
2026-09-11 21:52:30,2048.0,563200.0,1022.76,290.22456455230713,7.0,7413576.0
2026-09-11 21:52:31,2048.0,565248.0,1091.61,291.22456455230713,7.0,7411528.0
2026-09-11 21:52:33,2048.0,567296.0,1206.96,293.22456455230713,7.0,7409480.0
2026-09-11 21:52:35,2048.0,569344.0,1207.79,295.22456455230713,7.0,7407432.0
2026-09-11 21:52:37,2048.0,571392.0,923.87,297.22456455230713,7.0,7405384.0
2026-09-11 21:52:39,2048.0,573440.0,916.92,299.22456455230713,7.0,7403336.0
2026-09-11 21:52:41,2048.0,575488.0,1387.98,301.22456455230713,7.0,7401288.0
2026-09-11 21:52:43,2048.0,577536.0,999.37,303.22456455230713,7.0,7399240.0
2026-09-11 21:52:44,2048.0,579584.0,1204.45,304.22456455230713,7.0,7397192.0
2026-09-11 21:52:47,2048.0,581632.0,921.83,307.22456455230713,7.0,7395144.0
2026-09-11 21:52:48,2048.0,583680.0,1410.45,308.22456455230713,7.0,7393096.0
2026-09-11 21:52:50,2048.0,585728.0,919.1,310.22456455230713,7.0,7391048.0
2026-09-11 21:52:52,2048.0,587776.0,1496.45,312.22456455230713,7.0,7389000.0
2026-09-11 21:52:54,2048.0,589824.0,918.95,314.22456455230713,7.0,7386952.0
2026-09-11 21:52:55,2048.0,591872.0,1490.93,315.22456455230713,7.0,7384904.0
2026-09-11 21:52:58,2048.0,593920.0,924.28,318.22456455230713,7.0,7382856.0
2026-09-11 21:52:59,2048.0,595968.0,1450.66,319.22456455230713,7.0,7380808.0
2026-09-11 21:53:01,2048.0,598016.0,1084.76,321.22456455230713,7.0,7378760.0
2026-09-11 21:53:03,2048.0,600064.0,1019.22,323.22456455230713,7.0,7376712.0
2026-09-11 21:53:04,2048.0,602112.0,1289.37,324.22456455230713,7.0,7374664.0
2026-09-11 21:53:06,2048.0,604160.0,1077.78,326.22456455230713,7.0,7372616.0
2026-09-11 21:53:08,2048.0,606208.0,1442.87,328.22456455230713,7.0,7370568.0
2026-09-11 21:53:10,2048.0,608256.0,1097.28,330.22456455230713,7.0,7368520.0
2026-09-11 21:53:11,2048.0,610304.0,1281.1,331.22456455230713,7.0,7366472.0
2026-09-11 21:53:13,2048.0,612352.0,1046.65,333.22456455230713,7.0,7364424.0
2026-09-11 21:53:15,2048.0,614400.0,972.36,335.22456455230713,7.0,7362376.0
2026-09-11 21:53:17,2048.0,616448.0,1425.04,337.22456455230713,7.0,7360328.0
2026-09-11 21:53:19,2048.0,618496.0,1086.72,339.22456455230713,7.0,7358280.0
2026-09-11 21:53:20,2048.0,620544.0,1233.16,340.22456455230713,7.0,7356232.0
2026-09-11 21:53:22,2048.0,622592.0,1045.55,342.22456455230713,7.0,7354184.0
2026-09-11 21:53:24,2048.0,624640.0,1438.98,344.22456455230713,7.0,7352136.0
2026-09-11 21:53:26,2048.0,626688.0,908.25,346.22456455230713,7.0,7350088.0
2026-09-11 21:53:27,2048.0,628736.0,1412.55,347.22456455230713,7.0,7348040.0
2026-09-11 21:53:29,2048.0,630784.0,991.29,349.22456455230713,7.0,7345992.0
2026-09-11 21:53:31,2048.0,632832.0,1398.11,351.22456455230713,7.0,7343944.0
2026-09-11 21:53:33,2048.0,634880.0,995.25,353.22456455230713,7.0,7341896.0
2026-09-11 21:53:34,2048.0,636928.0,1394.49,354.22456455230713,7.0,7339848.0
2026-09-11 21:53:36,2048.0,638976.0,1090.43,356.22456455230713,7.0,7337800.0
2026-09-11 21:53:38,2048.0,641024.0,988.79,358.22456455230713,7.0,7335752.0
2026-09-11 21:53:40,2048.0,643072.0,1370.35,360.22456455230713,7.0,7333704.0
2026-09-11 21:53:42,2048.0,645120.0,991.76,362.22456455230713,7.0,7331656.0
2026-09-11 21:53:43,2048.0,647168.0,1378.13,363.22456455230713,7.0,7329608.0
2026-09-11 21:53:46,2048.0,649216.0,989.52,366.22456455230713,7.0,7327560.0
2026-09-11 21:53:47,2048.0,651264.0,1369.24,367.22456455230713,7.0,7325512.0
2026-09-11 21:53:49,2048.0,653312.0,1007.04,369.22456455230713,7.0,7323464.0
2026-09-11 21:53:51,2048.0,655360.0,1347.33,371.22456455230713,7.0,7321416.0
2026-09-11 21:53:53,2048.0,657408.0,993.46,373.22456455230713,7.0,7319368.0
2026-09-11 21:53:54,2048.0,659456.0,1345.76,374.22456455230713,7.0,7317320.0
2026-09-11 21:53:56,2048.0,661504.0,1064.42,376.22456455230713,7.0,7315272.0
2026-09-11 21:53:58,2048.0,663552.0,1339.03,378.22456455230713,7.0,7313224.0
2026-09-11 21:54:00,2048.0,665600.0,970.25,380.22456455230713,7.0,7311176.0
2026-09-11 21:54:02,2048.0,667648.0,913.07,382.22456455230713,7.0,7309128.0
2026-09-11 21:54:03,2048.0,669696.0,1346.54,383.22456455230713,7.0,7307080.0
2026-09-11 21:54:06,2048.0,671744.0,996.79,386.22456455230713,7.0,7305032.0
2026-09-11 21:54:07,2048.0,673792.0,1329.41,387.22456455230713,7.0,7302984.0
2026-09-11 21:54:09,2048.0,675840.0,1067.83,389.22456455230713,7.0,7300936.0
2026-09-11 21:54:11,2048.0,677888.0,1306.71,391.22456455230713,7.0,7298888.0
2026-09-11 21:54:13,2048.0,679936.0,1004.02,393.22456455230713,7.0,7296840.0
2026-09-11 21:54:14,2048.0,681984.0,1311.22,394.22456455230713,7.0,7294792.0
2026-09-11 21:54:16,2048.0,684032.0,941.88,396.22456455230713,7.0,7292744.0
2026-09-11 21:54:18,2048.0,686080.0,1317.92,398.22456455230713,7.0,7290696.0
2026-09-11 21:54:20,2048.0,688128.0,936.7,400.22456455230713,7.0,7288648.0
2026-09-11 21:54:22,2048.0,690176.0,1320.29,402.22456455230713,7.0,7286600.0
2026-09-11 21:54:24,2048.0,692224.0,986.72,404.22456455230713,7.0,7284552.0
2026-09-11 21:54:26,2048.0,694272.0,1016.27,406.22456455230713,7.0,7282504.0
2026-09-11 21:54:28,2048.0,696320.0,867.01,408.22456455230713,7.0,7280456.0
2026-09-11 21:54:30,2048.0,698368.0,1156.4,410.22456455230713,7.0,7278408.0
2026-09-11 21:54:32,2048.0,700416.0,964.96,412.22456455230713,7.0,7276360.0
2026-09-11 21:54:34,2048.0,702464.0,909.59,414.22456455230713,7.0,7274312.0
2026-09-11 21:54:36,2048.0,704512.0,1310.28,416.22456455230713,7.0,7272264.0
2026-09-11 21:54:38,2048.0,706560.0,1018.42,418.22456455230713,7.0,7270216.0
2026-09-11 21:54:39,2048.0,708608.0,1277.81,419.22456455230713,7.0,7268168.0
2026-09-11 21:54:42,2048.0,710656.0,928.58,422.22456455230713,7.0,7266120.0
2026-09-11 21:54:43,2048.0,712704.0,1275.24,423.22456455230713,7.0,7264072.0
2026-09-11 21:54:45,2048.0,714752.0,980.02,425.22456455230713,7.0,7262024.0
2026-09-11 21:54:47,2048.0,716800.0,1285.49,427.22456455230713,7.0,7259976.0
2026-09-11 21:54:49,2048.0,718848.0,1002.35,429.22456455230713,7.0,7257928.0
2026-09-11 21:54:51,2048.0,720896.0,1267.49,431.22456455230713,7.0,7255880.0
2026-09-11 21:54:53,2048.0,722944.0,1013.44,433.22456455230713,7.0,7253832.0
2026-09-11 21:54:54,2048.0,724992.0,1096.9,434.22456455230713,7.0,7251784.0
2026-09-11 21:54:57,2048.0,727040.0,908.15,437.22456455230713,7.0,7249736.0
2026-09-11 21:54:58,2048.0,729088.0,1249.0,438.22456455230713,7.0,7247688.0
2026-09-11 21:55:01,2048.0,731136.0,931.3,441.22456455230713,7.0,7245640.0
2026-09-11 21:55:03,2048.0,733184.0,850.32,443.22456455230713,7.0,7243592.0
2026-09-11 21:55:05,2048.0,735232.0,1264.1,445.22456455230713,7.0,7241544.0
2026-09-11 21:55:07,2048.0,737280.0,984.63,447.22456455230713,7.0,7239496.0
2026-09-11 21:55:08,2048.0,739328.0,1235.61,448.22456455230713,7.0,7237448.0
2026-09-11 21:55:11,2048.0,741376.0,851.96,451.22456455230713,7.0,7235400.0
2026-09-11 21:55:13,2048.0,743424.0,835.51,453.22456455230713,7.0,7233352.0
2026-09-11 21:55:16,2048.0,745472.0,809.65,456.22456455230713,7.0,7231304.0
2026-09-11 21:55:17,2048.0,747520.0,1242.61,457.22456455230713,7.0,7229256.0
2026-09-11 21:55:19,2048.0,749568.0,989.16,459.22456455230713,7.0,7227208.0
2026-09-11 21:55:22,2048.0,751616.0,875.26,462.22456455230713,7.0,7225160.0
2026-09-11 21:55:23,2048.0,753664.0,1198.25,463.22456455230713,7.0,7223112.0
2026-09-11 21:55:26,2048.0,755712.0,935.82,466.22456455230713,7.0,7221064.0
2026-09-11 21:55:28,2048.0,757760.0,819.09,468.22456455230713,7.0,7219016.0
2026-09-11 21:55:31,2048.0,759808.0,814.91,471.22456455230713,7.0,7216968.0
2026-09-11 21:55:32,2048.0,761856.0,1195.7,472.22456455230713,7.0,7214920.0
2026-09-11 21:55:34,2048.0,763904.0,985.1,474.22456455230713,7.0,7212872.0
2026-09-11 21:55:37,2048.0,765952.0,940.59,477.22456455230713,7.0,7210824.0
2026-09-11 21:55:39,2048.0,768000.0,850.39,479.22456455230713,7.0,7208776.0
2026-09-11 21:55:41,2048.0,770048.0,1178.02,481.22456455230713,7.0,7206728.0
2026-09-11 21:55:43,2048.0,772096.0,952.99,483.22456455230713,7.0,7204680.0
2026-09-11 21:55:45,2048.0,774144.0,1197.98,485.22456455230713,7.0,7202632.0
2026-09-11 21:55:47,2048.0,776192.0,943.25,487.22456455230713,7.0,7200584.0
2026-09-11 21:55:49,2048.0,778240.0,1185.27,489.22456455230713,7.0,7198536.0
2026-09-11 21:55:51,2048.0,780288.0,820.87,491.22456455230713,7.0,7196488.0
2026-09-11 21:55:53,2048.0,782336.0,1184.19,493.22456455230713,7.0,7194440.0
2026-09-11 21:55:55,2048.0,784384.0,956.54,495.22456455230713,7.0,7192392.0
2026-09-11 21:55:57,2048.0,786432.0,1193.85,497.22456455230713,7.0,7190344.0
2026-09-11 21:55:59,2048.0,788480.0,814.93,499.22456455230713,7.0,7188296.0
2026-09-11 21:56:01,2048.0,790528.0,1172.5,501.22456455230713,7.0,7186248.0
2026-09-11 21:56:03,2048.0,792576.0,912.16,503.22456455230713,7.0,7184200.0
2026-09-11 21:56:05,2048.0,794624.0,1147.71,505.22456455230713,7.0,7182152.0
2026-09-11 21:56:08,2048.0,796672.0,773.63,508.22456455230713,7.0,7180104.0
2026-09-11 21:56:09,2048.0,798720.0,1194.57,509.22456455230713,7.0,7178056.0
2026-09-11 21:56:11,2048.0,800768.0,929.61,511.22456455230713,7.0,7176008.0
2026-09-11 21:56:13,2048.0,802816.0,1173.25,513.2245645523071,7.0,7173960.0
2026-09-11 21:56:15,2048.0,804864.0,921.06,515.2245645523071,7.0,7171912.0
2026-09-11 21:56:18,2048.0,806912.0,823.64,518.2245645523071,7.0,7169864.0
2026-09-11 21:56:20,2048.0,808960.0,1144.68,520.2245645523071,7.0,7167816.0
2026-09-11 21:56:22,2048.0,811008.0,824.34,522.2245645523071,7.0,7165768.0
2026-09-11 21:56:24,2048.0,813056.0,1023.84,524.2245645523071,7.0,7163720.0
2026-09-11 21:56:27,2048.0,815104.0,828.77,527.2245645523071,7.0,7161672.0
2026-09-11 21:56:29,2048.0,817152.0,1076.68,529.2245645523071,7.0,7159624.0
2026-09-11 21:56:31,2048.0,819200.0,822.74,531.2245645523071,7.0,7157576.0
2026-09-11 21:56:33,2048.0,821248.0,1154.26,533.2245645523071,7.0,7155528.0
2026-09-11 21:56:35,2048.0,823296.0,918.52,535.2245645523071,7.0,7153480.0
2026-09-11 21:56:38,2048.0,825344.0,823.18,538.2245645523071,7.0,7151432.0
2026-09-11 21:56:40,2048.0,827392.0,737.46,540.2245645523071,7.0,7149384.0
2026-09-11 21:56:42,2048.0,829440.0,1138.71,542.2245645523071,7.0,7147336.0
2026-09-11 21:56:45,2048.0,831488.0,757.1,545.2245645523071,7.0,7145288.0
2026-09-11 21:56:47,2048.0,833536.0,793.9,547.2245645523071,7.0,7143240.0
2026-09-11 21:56:50,2048.0,835584.0,867.58,550.2245645523071,7.0,7141192.0
2026-09-11 21:56:52,2048.0,837632.0,1135.57,552.2245645523071,7.0,7139144.0
2026-09-11 21:56:54,2048.0,839680.0,858.55,554.2245645523071,7.0,7137096.0
2026-09-11 21:56:56,2048.0,841728.0,806.91,556.2245645523071,7.0,7135048.0
2026-09-11 21:56:58,2048.0,843776.0,1110.51,558.2245645523071,7.0,7133000.0
2026-09-11 21:57:01,2048.0,845824.0,923.09,561.2245645523071,7.0,7130952.0
2026-09-11 21:57:03,2048.0,847872.0,786.49,563.2245645523071,7.0,7128904.0
2026-09-11 21:57:06,2048.0,849920.0,847.07,566.2245645523071,7.0,7126856.0
2026-09-11 21:57:08,2048.0,851968.0,716.6,568.2245645523071,7.0,7124808.0
2026-09-11 21:57:11,2048.0,854016.0,742.57,571.2245645523071,7.0,7122760.0
2026-09-11 21:57:14,2048.0,856064.0,852.07,574.2245645523071,7.0,7120712.0
2026-09-11 21:57:16,2048.0,858112.0,795.32,576.2245645523071,7.0,7118664.0
2026-09-11 21:57:19,2048.0,860160.0,848.27,579.2245645523071,7.0,7116616.0
2026-09-11 21:57:21,2048.0,862208.0,855.29,581.2245645523071,7.0,7114568.0
2026-09-11 21:57:23,2048.0,864256.0,837.99,583.2245645523071,7.0,7112520.0
2026-09-11 21:57:25,2048.0,866304.0,1103.69,585.2245645523071,7.0,7110472.0
2026-09-11 21:57:28,2048.0,868352.0,841.34,588.2245645523071,7.0,7108424.0
2026-09-11 21:57:30,2048.0,870400.0,827.04,590.2245645523071,7.0,7106376.0
2026-09-11 21:57:32,2048.0,872448.0,1095.98,592.2245645523071,7.0,7104328.0
2026-09-11 21:57:35,2048.0,874496.0,762.61,595.2245645523071,7.0,7102280.0
2026-09-11 21:57:37,2048.0,876544.0,833.52,597.2245645523071,7.0,7100232.0
2026-09-11 21:57:39,2048.0,878592.0,955.74,599.2245645523071,7.0,7098184.0
2026-09-11 21:57:42,2048.0,880640.0,771.72,602.2245645523071,7.0,7096136.0
2026-09-11 21:57:45,2048.0,882688.0,765.25,605.2245645523071,7.0,7094088.0
2026-09-11 21:57:47,2048.0,884736.0,1055.59,607.2245645523071,7.0,7092040.0
2026-09-11 21:57:49,2048.0,886784.0,860.99,609.2245645523071,7.0,7089992.0
2026-09-11 21:57:52,2048.0,888832.0,722.53,612.2245645523071,7.0,7087944.0
2026-09-11 21:57:54,2048.0,890880.0,1076.16,614.2245645523071,7.0,7085896.0
2026-09-11 21:57:56,2048.0,892928.0,860.75,616.2245645523071,7.0,7083848.0
2026-09-11 21:57:59,2048.0,894976.0,705.62,619.2245645523071,7.0,7081800.0
2026-09-11 21:58:01,2048.0,897024.0,1045.8,621.2245645523071,7.0,7079752.0
2026-09-11 21:58:04,2048.0,899072.0,694.21,624.2245645523071,7.0,7077704.0
2026-09-11 21:58:07,2048.0,901120.0,741.03,627.2245645523071,7.0,7075656.0
2026-09-11 21:58:09,2048.0,903168.0,1047.42,629.2245645523071,7.0,7073608.0
2026-09-11 21:58:11,2048.0,905216.0,823.63,631.2245645523071,7.0,7071560.0
2026-09-11 21:58:14,2048.0,907264.0,685.87,634.2245645523071,7.0,7069512.0
2026-09-11 21:58:17,2048.0,909312.0,807.96,637.2245645523071,7.0,7067464.0
2026-09-11 21:58:19,2048.0,911360.0,1048.88,639.2245645523071,7.0,7065416.0
2026-09-11 21:58:21,2048.0,913408.0,799.7,641.2245645523071,7.0,7063368.0
2026-09-11 21:58:24,2048.0,915456.0,654.32,644.2245645523071,7.0,7061320.0
2026-09-11 21:58:27,2048.0,917504.0,748.6,647.2245645523071,7.0,7059272.0
2026-09-11 21:58:29,2048.0,919552.0,1032.92,649.2245645523071,7.0,7057224.0
2026-09-11 21:58:32,2048.0,921600.0,778.58,652.2245645523071,7.0,7055176.0
2026-09-11 21:58:34,2048.0,923648.0,767.63,654.2245645523071,7.0,7053128.0
2026-09-11 21:58:36,2048.0,925696.0,1032.35,656.2245645523071,7.0,7051080.0
2026-09-11 21:58:39,2048.0,927744.0,799.92,659.2245645523071,7.0,7049032.0
2026-09-11 21:58:42,2048.0,929792.0,683.62,662.2245645523071,7.0,7046984.0
2026-09-11 21:58:45,2048.0,931840.0,687.96,665.2245645523071,7.0,7044936.0
2026-09-11 21:58:48,2048.0,933888.0,686.57,668.2245645523071,7.0,7042888.0
2026-09-11 21:58:50,2048.0,935936.0,761.41,670.2245645523071,7.0,7040840.0
2026-09-11 21:58:53,2048.0,937984.0,772.37,673.2245645523071,7.0,7038792.0
2026-09-11 21:58:56,2048.0,940032.0,735.69,676.2245645523071,7.0,7036744.0
2026-09-11 21:58:59,2048.0,942080.0,761.17,679.2245645523071,7.0,7034696.0
2026-09-11 21:59:01,2048.0,944128.0,1012.64,681.2245645523071,7.0,7032648.0
2026-09-11 21:59:03,2048.0,946176.0,733.32,683.2245645523071,7.0,7030600.0
2026-09-11 21:59:07,2048.0,948224.0,645.91,687.2245645523071,7.0,7028552.0
2026-09-11 21:59:10,2048.0,950272.0,691.82,690.2245645523071,7.0,7026504.0
2026-09-11 21:59:12,2048.0,952320.0,1003.52,692.2245645523071,7.0,7024456.0
2026-09-11 21:59:14,2048.0,954368.0,737.05,694.2245645523071,7.0,7022408.0
2026-09-11 21:59:17,2048.0,956416.0,763.75,697.2245645523071,7.0,7020360.0
2026-09-11 21:59:20,2048.0,958464.0,711.98,700.2245645523071,7.0,7018312.0
2026-09-11 21:59:22,2048.0,960512.0,943.35,702.2245645523071,7.0,7016264.0
2026-09-11 21:59:25,2048.0,962560.0,761.76,705.2245645523071,7.0,7014216.0
2026-09-11 21:59:28,2048.0,964608.0,759.36,708.2245645523071,7.0,7012168.0
2026-09-11 21:59:30,2048.0,966656.0,690.17,710.2245645523071,7.0,7010120.0
2026-09-11 21:59:33,2048.0,968704.0,1001.29,713.2245645523071,7.0,7008072.0
2026-09-11 21:59:35,2048.0,970752.0,780.4,715.2245645523071,7.0,7006024.0
2026-09-11 21:59:38,2048.0,972800.0,658.73,718.2245645523071,7.0,7003976.0
2026-09-11 21:59:41,2048.0,974848.0,772.51,721.2245645523071,7.0,7001928.0
2026-09-11 21:59:44,2048.0,976896.0,718.48,724.2245645523071,7.0,6999880.0
2026-09-11 21:59:47,2048.0,978944.0,710.85,727.2245645523071,7.0,6997832.0
2026-09-11 21:59:49,2048.0,980992.0,972.89,729.2245645523071,7.0,6995784.0
2026-09-11 21:59:51,2048.0,983040.0,785.77,731.2245645523071,7.0,6993736.0
2026-09-11 21:59:54,2048.0,985088.0,756.48,734.2245645523071,7.0,6991688.0
2026-09-11 21:59:57,2048.0,987136.0,760.42,737.2245645523071,7.0,6989640.0
2026-09-11 21:59:59,2048.0,989184.0,742.81,739.2245645523071,7.0,6987592.0
2026-09-11 22:00:02,2048.0,991232.0,752.17,742.2245645523071,7.0,6985544.0
2026-09-11 22:00:05,2048.0,993280.0,751.11,745.2245645523071,7.0,6983496.0
2026-09-11 22:00:08,2048.0,995328.0,700.5,748.2245645523071,6.0,6981448.0
2026-09-11 22:00:09,2048.0,997376.0,2660.03,749.2245645523071,6.0,6979423.0
